"Estacion","Fecha inicial","Fecha final","CO"
"NOBSA-NAZARETH","2020-12-31","","411.77214286"
"NOBSA-NAZARETH","2020-12-30","","427.65416667"
"NOBSA-NAZARETH","2020-12-29","","386.15608696"
"NOBSA-NAZARETH","2020-12-28","","404.98458333"
"NOBSA-NAZARETH","2020-12-27","","496.79708333"
"NOBSA-NAZARETH","2020-12-26","","526.57208333"
"NOBSA-NAZARETH","2020-12-25","","545.16909091"
"NOBSA-NAZARETH","2020-12-24","","428.34916667"
"NOBSA-NAZARETH","2020-12-23","","586.19083333"
"NOBSA-NAZARETH","2020-12-22","","284.27"
"NOBSA-NAZARETH","2020-12-21","","415.06833333"
"NOBSA-NAZARETH","2020-12-20","","497.34875"
"NOBSA-NAZARETH","2020-12-19","","409.41416667"
"NOBSA-NAZARETH","2020-12-18","","318.55708333"
"NOBSA-NAZARETH","2020-12-17","","413.61333333"
"NOBSA-NAZARETH","2020-12-16","","553.72"
"NOBSA-NAZARETH","2020-12-15","","396.33695652"
"NOBSA-NAZARETH","2020-12-14","","946.91375"
"NOBSA-NAZARETH","2020-12-13","","1169.64458333"
"NOBSA-NAZARETH","2020-12-12","","883.84541667"
"NOBSA-NAZARETH","2020-12-11","","1084.93956522"
"NOBSA-NAZARETH","2020-12-10","","777.25041667"
"NOBSA-NAZARETH","2020-12-09","","615.78565217"
"NOBSA-NAZARETH","2020-12-08","","1402.14666667"
"NOBSA-NAZARETH","2020-12-07","","838.09434783"
"NOBSA-NAZARETH","2020-12-06","","516.01833333"
"NOBSA-NAZARETH","2020-12-05","","564.78130435"
"NOBSA-NAZARETH","2020-12-04","","1118.39608696"
"NOBSA-NAZARETH","2020-12-03","","962.90625"
"NOBSA-NAZARETH","2020-12-02","","536.78875"
"NOBSA-NAZARETH","2020-12-01","","600.26916667"
"NOBSA-NAZARETH","2020-11-30","","486.51125"
"NOBSA-NAZARETH","2020-11-29","","472.5326087"
"NOBSA-NAZARETH","2020-11-28","","525.09458333"
"NOBSA-NAZARETH","2020-11-27","","395.30416667"
"NOBSA-NAZARETH","2020-11-26","","870.55166667"
"NOBSA-NAZARETH","2020-11-25","","852.39227273"
"NOBSA-NAZARETH","2020-11-24","","407.33416667"
"NOBSA-NAZARETH","2020-11-23","","825.93875"
"NOBSA-NAZARETH","2020-11-22","","994.21291667"
"NOBSA-NAZARETH","2020-11-21","","1198.72791667"
"NOBSA-NAZARETH","2020-11-20","","1762.50217391"
"NOBSA-NAZARETH","2020-11-19","","1520.30833333"
"NOBSA-NAZARETH","2020-11-18","","547.38875"
"NOBSA-NAZARETH","2020-11-17","","441.035"
"NOBSA-NAZARETH","2020-11-16","","761.78583333"
"NOBSA-NAZARETH","2020-11-15","","781.70434783"
"NOBSA-NAZARETH","2020-11-14","","905.6925"
"NOBSA-NAZARETH","2020-11-13","","445.64208333"
"NOBSA-NAZARETH","2020-11-12","","1341.31"
"NOBSA-NAZARETH","2020-11-11","","602.86695652"
"NOBSA-NAZARETH","2020-11-10","","826.96"
"NOBSA-NAZARETH","2020-11-09","","627.35291667"
"NOBSA-NAZARETH","2020-11-08","","678.29458333"
"NOBSA-NAZARETH","2020-11-07","","691.01217391"
"NOBSA-NAZARETH","2020-11-06","","549.51208333"
"NOBSA-NAZARETH","2020-11-05","","639.75272727"
"NOBSA-NAZARETH","2020-11-04","","729.12956522"
"NOBSA-NAZARETH","2020-11-03","","1508.36666667"
"NOBSA-NAZARETH","2020-11-02","","689.51458333"
"NOBSA-NAZARETH","2020-11-01","","593.86083333"
"NOBSA-NAZARETH","2020-10-31","","705.82478261"
"NOBSA-NAZARETH","2020-10-30","","743.34666667"
"NOBSA-NAZARETH","2020-10-29","","822.08173913"
"NOBSA-NAZARETH","2020-10-28","","477.91416667"
"NOBSA-NAZARETH","2020-10-27","","306.62913043"
"NOBSA-NAZARETH","2020-10-26","","285.73958333"
"NOBSA-NAZARETH","2020-10-25","","313.83863636"
"NOBSA-NAZARETH","2020-10-24","","279.63291667"
"NOBSA-NAZARETH","2020-10-23","","236.2126087"
"NOBSA-NAZARETH","2020-10-22","","1546.88722222"
"NOBSA-NAZARETH","2020-10-21","","1225.69375"
"NOBSA-NAZARETH","2020-10-20","","374.24652174"
"NOBSA-NAZARETH","2020-10-19","","492.45041667"
"NOBSA-NAZARETH","2020-10-18","","440.13208333"
"NOBSA-NAZARETH","2020-10-17","","401.19083333"
"NOBSA-NAZARETH","2020-10-16","","543.26956522"
"NOBSA-NAZARETH","2020-10-15","","477.19608696"
"NOBSA-NAZARETH","2020-10-14","","340.11583333"
"NOBSA-NAZARETH","2020-10-13","","345.04333333"
"NOBSA-NAZARETH","2020-10-12","","555.74833333"
"NOBSA-NAZARETH","2020-10-11","","601.23708333"
"NOBSA-NAZARETH","2020-10-10","","675.80166667"
"NOBSA-NAZARETH","2020-10-09","","1005.09625"
"NOBSA-NAZARETH","2020-10-08","","874.69583333"
"NOBSA-NAZARETH","2020-10-07","","999.32409091"
"NOBSA-NAZARETH","2020-10-06","","685.96125"
"NOBSA-NAZARETH","2020-10-05","","357.7926087"
"NOBSA-NAZARETH","2020-10-04","","1194.11478261"
"NOBSA-NAZARETH","2020-10-03","","834.41958333"
"NOBSA-NAZARETH","2020-10-02","","615.46375"
"NOBSA-NAZARETH","2020-10-01","","734.61375"
"NOBSA-NAZARETH","2020-09-30","","132.488125"
"NOBSA-NAZARETH","2020-09-29","","184.645"
"NOBSA-NAZARETH","2020-09-28","","19.50545455"
"NOBSA-NAZARETH","2020-09-27","","5.85909091"
"NOBSA-NAZARETH","2020-09-26","","1080.84"
"NOBSA-NAZARETH","2020-09-25","","688.19818182"
"NOBSA-NAZARETH","2020-09-24","","661.84"
"NOBSA-NAZARETH","2020-09-23","","559.89913043"
"NOBSA-NAZARETH","2020-09-22","","327.10916667"
"NOBSA-NAZARETH","2020-09-21","","489.47"
"NOBSA-NAZARETH","2020-09-20","","246.65291667"
"NOBSA-NAZARETH","2020-09-19","","303.55875"
"NOBSA-NAZARETH","2020-09-18","","641.10347826"
"NOBSA-NAZARETH","2020-09-17","","523.52"
"NOBSA-NAZARETH","2020-09-16","","313.01125"
"NOBSA-NAZARETH","2020-09-15","","369.34695652"
"NOBSA-NAZARETH","2020-09-14","","554.9175"
"NOBSA-NAZARETH","2020-09-13","","616.72333333"
"NOBSA-NAZARETH","2020-09-12","","181.92625"
"NOBSA-NAZARETH","2020-09-11","","249.70708333"
"NOBSA-NAZARETH","2020-09-10","","374.3025"
"NOBSA-NAZARETH","2020-09-09","","386.12875"
"NOBSA-NAZARETH","2020-09-08","","294.89541667"
"NOBSA-NAZARETH","2020-09-07","","798.01869565"
"NOBSA-NAZARETH","2020-09-06","","707.42916667"
"NOBSA-NAZARETH","2020-09-05","","600.55695652"
"NOBSA-NAZARETH","2020-09-04","","933.48826087"
"NOBSA-NAZARETH","2020-09-03","","544.83083333"
"NOBSA-NAZARETH","2020-09-02","","696.60375"
"NOBSA-NAZARETH","2020-09-01","","709.62090909"
"NOBSA-NAZARETH","2020-08-31","","591.99913043"
"NOBSA-NAZARETH","2020-08-30","","826.725"
"NOBSA-NAZARETH","2020-08-29","","382.74826087"
"NOBSA-NAZARETH","2020-08-28","","655.51541667"
"NOBSA-NAZARETH","2020-08-27","","557.94166667"
"NOBSA-NAZARETH","2020-08-26","","508.93333333"
"NOBSA-NAZARETH","2020-08-25","","420.77045455"
"NOBSA-NAZARETH","2020-08-24","","449.0825"
"NOBSA-NAZARETH","2020-08-23","","733.80083333"
"NOBSA-NAZARETH","2020-08-22","","370.66375"
"NOBSA-NAZARETH","2020-08-21","","496.18291667"
"NOBSA-NAZARETH","2020-08-20","","476.60583333"
"NOBSA-NAZARETH","2020-08-19","","479.28"
"NOBSA-NAZARETH","2020-08-18","","649.84541667"
"NOBSA-NAZARETH","2020-08-17","","1003.86375"
"NOBSA-NAZARETH","2020-08-16","","790.36875"
"NOBSA-NAZARETH","2020-08-15","","546.63347826"
"NOBSA-NAZARETH","2020-08-14","","445.05208333"
"NOBSA-NAZARETH","2020-08-13","","401.44666667"
"NOBSA-NAZARETH","2020-08-12","","503.64833333"
"NOBSA-NAZARETH","2020-08-11","","354.17625"
"NOBSA-NAZARETH","2020-08-10","","575.97"
"NOBSA-NAZARETH","2020-08-09","","1002.66916667"
"NOBSA-NAZARETH","2020-08-08","","536.32916667"
"NOBSA-NAZARETH","2020-08-07","","820.28521739"
"NOBSA-NAZARETH","2020-08-06","","584.5825"
"NOBSA-NAZARETH","2020-08-05","","501.23565217"
"NOBSA-NAZARETH","2020-08-04","","804.84956522"
"NOBSA-NAZARETH","2020-08-03","","528.39333333"
"NOBSA-NAZARETH","2020-08-02","","539.12791667"
"NOBSA-NAZARETH","2020-08-01","","520.44625"
"NOBSA-NAZARETH","2020-07-31","","397.53304348"
"NOBSA-NAZARETH","2020-07-30","","299.47708333"
"NOBSA-NAZARETH","2020-07-29","","648.97130435"
"NOBSA-NAZARETH","2020-07-28","","385.3226087"
"NOBSA-NAZARETH","2020-07-27","","414.08875"
"NOBSA-NAZARETH","2020-07-26","","730.17375"
"NOBSA-NAZARETH","2020-07-25","","522.70227273"
"NOBSA-NAZARETH","2020-07-24","","658.66291667"
"NOBSA-NAZARETH","2020-07-23","","632.82833333"
"NOBSA-NAZARETH","2020-07-22","","374.35583333"
"NOBSA-NAZARETH","2020-07-21","","387.70375"
"NOBSA-NAZARETH","2020-07-20","","729.73083333"
"NOBSA-NAZARETH","2020-07-19","","637.35916667"
"NOBSA-NAZARETH","2020-07-18","","442.40333333"
"NOBSA-NAZARETH","2020-07-17","","532.57291667"
"NOBSA-NAZARETH","2020-07-16","","480.77916667"
"NOBSA-NAZARETH","2020-07-15","","229.45521739"
"NOBSA-NAZARETH","2020-07-14","","596.66956522"
"NOBSA-NAZARETH","2020-07-13","","465.04541667"
"NOBSA-NAZARETH","2020-07-12","","464.83916667"
"NOBSA-NAZARETH","2020-07-11","","555.59333333"
"NOBSA-NAZARETH","2020-07-10","","384.31304348"
"NOBSA-NAZARETH","2020-07-09","","435.54625"
"NOBSA-NAZARETH","2020-07-08","","868.745"
"NOBSA-NAZARETH","2020-07-07","","804.84652174"
"NOBSA-NAZARETH","2020-07-06","","929.39833333"
"NOBSA-NAZARETH","2020-07-05","","751.32565217"
"NOBSA-NAZARETH","2020-07-04","","878.12217391"
"NOBSA-NAZARETH","2020-07-03","","478.43458333"
"NOBSA-NAZARETH","2020-07-02","","430.90208333"
"NOBSA-NAZARETH","2020-07-01","","497.88166667"
"NOBSA-NAZARETH","2020-06-30","","451.27869565"
"NOBSA-NAZARETH","2020-06-29","","679.2926087"
"NOBSA-NAZARETH","2020-06-28","","495.665"
"NOBSA-NAZARETH","2020-06-27","","661.2425"
"NOBSA-NAZARETH","2020-06-26","","484.24875"
"NOBSA-NAZARETH","2020-06-25","","283.71954545"
"NOBSA-NAZARETH","2020-06-24","","360.72173913"
"NOBSA-NAZARETH","2020-06-23","","476.68583333"
"NOBSA-NAZARETH","2020-06-22","","402.605"
"NOBSA-NAZARETH","2020-06-21","","611.1475"
"NOBSA-NAZARETH","2020-06-20","","541.66041667"
"NOBSA-NAZARETH","2020-06-19","","409.19625"
"NOBSA-NAZARETH","2020-06-18","","365.36869565"
"NOBSA-NAZARETH","2020-06-17","","356.99333333"
"NOBSA-NAZARETH","2020-06-16","","268.39916667"
"NOBSA-NAZARETH","2020-06-15","","289.29130435"
"NOBSA-NAZARETH","2020-06-14","","792.88875"
"NOBSA-NAZARETH","2020-06-13","","660.68041667"
"NOBSA-NAZARETH","2020-06-12","","438.90166667"
"NOBSA-NAZARETH","2020-06-11","","352.99333333"
"NOBSA-NAZARETH","2020-06-10","","525.76958333"
"NOBSA-NAZARETH","2020-06-09","","377.38708333"
"NOBSA-NAZARETH","2020-06-08","","463.83708333"
"NOBSA-NAZARETH","2020-06-07","","565.33043478"
"NOBSA-NAZARETH","2020-06-06","","665.40041667"
"NOBSA-NAZARETH","2020-06-05","","748.57782609"
"NOBSA-NAZARETH","2020-06-04","","699.90652174"
"NOBSA-NAZARETH","2020-06-03","","749.55791667"
"NOBSA-NAZARETH","2020-06-02","","536.88958333"
"NOBSA-NAZARETH","2020-06-01","","327.26958333"
"NOBSA-NAZARETH","2020-05-31","","654.65086957"
"NOBSA-NAZARETH","2020-05-30","","552.98083333"
"NOBSA-NAZARETH","2020-05-29","","492.93"
"NOBSA-NAZARETH","2020-05-28","","303.46416667"
"NOBSA-NAZARETH","2020-05-27","","299.98695652"
"NOBSA-NAZARETH","2020-05-26","","465.97625"
"NOBSA-NAZARETH","2020-05-25","","331.00363636"
"NOBSA-NAZARETH","2020-05-24","","503.02708333"
"NOBSA-NAZARETH","2020-05-23","","355.90708333"
"NOBSA-NAZARETH","2020-05-22","","541.4425"
"NOBSA-NAZARETH","2020-05-21","","440.10333333"
"NOBSA-NAZARETH","2020-05-20","","544.04608696"
"NOBSA-NAZARETH","2020-05-19","","402.2725"
"NOBSA-NAZARETH","2020-05-18","","565.65625"
"NOBSA-NAZARETH","2020-05-17","","392.04166667"
"NOBSA-NAZARETH","2020-05-16","","600.16"
"NOBSA-NAZARETH","2020-05-15","","606.21956522"
"NOBSA-NAZARETH","2020-05-14","","389.00291667"
"NOBSA-NAZARETH","2020-05-13","","254.92833333"
"NOBSA-NAZARETH","2020-05-12","","640.77791667"
"NOBSA-NAZARETH","2020-05-11","","576.67375"
"NOBSA-NAZARETH","2020-05-10","","569.52916667"
"NOBSA-NAZARETH","2020-05-09","","948.30166667"
"NOBSA-NAZARETH","2020-05-08","","546.68541667"
"NOBSA-NAZARETH","2020-05-07","","326.74565217"
"NOBSA-NAZARETH","2020-05-06","","526.76125"
"NOBSA-NAZARETH","2020-05-05","","366.13043478"
"NOBSA-NAZARETH","2020-05-04","","410.26636364"
"NOBSA-NAZARETH","2020-05-03","","389.74916667"
"NOBSA-NAZARETH","2020-05-02","","533.4275"
"NOBSA-NAZARETH","2020-05-01","","709.33"
"NOBSA-NAZARETH","2020-04-30","","557.38652174"
"NOBSA-NAZARETH","2020-04-29","","400.98347826"
"NOBSA-NAZARETH","2020-04-28","","558.87875"
"NOBSA-NAZARETH","2020-04-27","","609.3325"
"NOBSA-NAZARETH","2020-04-26","","723.58291667"
"NOBSA-NAZARETH","2020-04-25","","427.82181818"
"NOBSA-NAZARETH","2020-04-24","","711.325"
"NOBSA-NAZARETH","2020-04-23","","498.68166667"
"NOBSA-NAZARETH","2020-04-22","","509.43956522"
"NOBSA-NAZARETH","2020-04-21","","392.21541667"
"NOBSA-NAZARETH","2020-04-20","","590.59958333"
"NOBSA-NAZARETH","2020-04-19","","457.38333333"
"NOBSA-NAZARETH","2020-04-18","","539.27958333"
"NOBSA-NAZARETH","2020-04-17","","464.84291667"
"NOBSA-NAZARETH","2020-04-16","","376.76583333"
"NOBSA-NAZARETH","2020-04-15","","429.91869565"
"NOBSA-NAZARETH","2020-04-14","","534.30041667"
"NOBSA-NAZARETH","2020-04-13","","979.85333333"
"NOBSA-NAZARETH","2020-04-12","","297.93833333"
"NOBSA-NAZARETH","2020-04-11","","341.28958333"
"NOBSA-NAZARETH","2020-04-10","","368.78583333"
"NOBSA-NAZARETH","2020-04-09","","268.84333333"
"NOBSA-NAZARETH","2020-04-08","","250.65916667"
"NOBSA-NAZARETH","2020-04-07","","557.83695652"
"NOBSA-NAZARETH","2020-04-06","","278.51333333"
"NOBSA-NAZARETH","2020-04-05","","238.22714286"
"NOBSA-NAZARETH","2020-04-04","","477.82782609"
"NOBSA-NAZARETH","2020-04-03","","448.04304348"
"NOBSA-NAZARETH","2020-04-02","","392.06130435"
"NOBSA-NAZARETH","2020-04-01","","658.42086957"
"NOBSA-NAZARETH","2020-03-31","","543.89391304"
"NOBSA-NAZARETH","2020-03-30","","596.25695652"
"NOBSA-NAZARETH","2020-03-29","","652.70043478"
"NOBSA-NAZARETH","2020-03-28","","970.24375"
"NOBSA-NAZARETH","2020-03-27","","1021.00916667"
"NOBSA-NAZARETH","2020-03-26","","865.71458333"
"NOBSA-NAZARETH","2020-03-25","","618.75318182"
"NOBSA-NAZARETH","2020-03-24","","617.0385"
"NOBSA-NAZARETH","2020-03-23","","446.2725"
"NOBSA-NAZARETH","2020-03-22","","471.60333333"
"NOBSA-NAZARETH","2020-03-21","","541.81375"
"NOBSA-NAZARETH","2020-03-20","","474.49458333"
"NOBSA-NAZARETH","2020-03-19","","466.64583333"
"NOBSA-NAZARETH","2020-03-18","","562.43090909"
"NOBSA-NAZARETH","2020-03-17","","586.18583333"
"NOBSA-NAZARETH","2020-03-16","","780.7125"
"NOBSA-NAZARETH","2020-03-15","","680.96695652"
"NOBSA-NAZARETH","2020-03-14","","662.49333333"
"NOBSA-NAZARETH","2020-03-13","","593.20142857"
"NOBSA-NAZARETH","2020-03-12","","472.46666667"
"NOBSA-NAZARETH","2020-03-11","","892.54583333"
"NOBSA-NAZARETH","2020-03-10","","721.71125"
"NOBSA-NAZARETH","2020-03-09","","574.4675"
"NOBSA-NAZARETH","2020-03-08","","638.38666667"
"NOBSA-NAZARETH","2020-03-07","","818.88434783"
"NOBSA-NAZARETH","2020-03-06","","669.80304348"
"NOBSA-NAZARETH","2020-03-05","","365.21217391"
"NOBSA-NAZARETH","2020-03-04","","529.96695652"
"NOBSA-NAZARETH","2020-03-03","","726.13782609"
"NOBSA-NAZARETH","2020-03-02","","499.29761905"
"NOBSA-NAZARETH","2020-03-01","","491.63625"
"SOGAMOSO-MOVIL KOICA","2020-12-31","","595.165"
"SOGAMOSO-MOVIL KOICA","2020-12-30","","720.25708333"
"SOGAMOSO-MOVIL KOICA","2020-12-29","","522.02956522"
"SOGAMOSO-MOVIL KOICA","2020-12-28","","488.17375"
"SOGAMOSO-MOVIL KOICA","2020-12-27","","587.56416667"
"SOGAMOSO-MOVIL KOICA","2020-12-26","","619.23833333"
"SOGAMOSO-MOVIL KOICA","2020-12-25","","797.19272727"
"SOGAMOSO-MOVIL KOICA","2020-12-24","","741.05041667"
"SOGAMOSO-MOVIL KOICA","2020-12-23","","529.27375"
"SOGAMOSO-MOVIL KOICA","2020-12-22","","589.57333333"
"SOGAMOSO-MOVIL KOICA","2020-12-21","","683.63083333"
"SOGAMOSO-MOVIL KOICA","2020-12-20","","804.53416667"
"SOGAMOSO-MOVIL KOICA","2020-12-19","","421.22666667"
"SOGAMOSO-MOVIL KOICA","2020-12-18","","563.58416667"
"SOGAMOSO-MOVIL KOICA","2020-12-17","","587.69833333"
"SOGAMOSO-MOVIL KOICA","2020-12-16","","385.59916667"
"SOGAMOSO-MOVIL KOICA","2020-12-15","","516.90869565"
"SOGAMOSO-MOVIL KOICA","2020-12-14","","577.0226087"
"SOGAMOSO-MOVIL KOICA","2020-12-13","","360.40083333"
"SOGAMOSO-MOVIL KOICA","2020-12-12","","457.19916667"
"SOGAMOSO-MOVIL KOICA","2020-12-11","","823.59375"
"SOGAMOSO-MOVIL KOICA","2020-12-10","","708.22708333"
"SOGAMOSO-MOVIL KOICA","2020-12-09","","761.29956522"
"SOGAMOSO-MOVIL KOICA","2020-12-08","","809.13416667"
"SOGAMOSO-MOVIL KOICA","2020-12-07","","500.39826087"
"SOGAMOSO-MOVIL KOICA","2020-12-06","","482.39708333"
"SOGAMOSO-MOVIL KOICA","2020-12-05","","401.12"
"SOGAMOSO-MOVIL KOICA","2020-12-04","","794.72565217"
"SOGAMOSO-MOVIL KOICA","2020-12-03","","400.6985"
"SOGAMOSO-MOVIL KOICA","2020-12-02","","682.84458333"
"SOGAMOSO-MOVIL KOICA","2020-12-01","","346.54916667"
"SOGAMOSO-MOVIL KOICA","2020-11-30","","257.90043478"
"SOGAMOSO-MOVIL KOICA","2020-11-29","","309.20391304"
"SOGAMOSO-MOVIL KOICA","2020-11-28","","400.6675"
"SOGAMOSO-MOVIL KOICA","2020-11-27","","98.59913043"
"SOGAMOSO-MOVIL KOICA","2020-11-26","","0.0"
"SOGAMOSO-MOVIL KOICA","2020-11-23","","1088.90785714"
"SOGAMOSO-MOVIL KOICA","2020-11-22","","505.01625"
"SOGAMOSO-MOVIL KOICA","2020-11-21","","317.7675"
"SOGAMOSO-MOVIL KOICA","2020-11-20","","15.96125"
"SOGAMOSO-MOVIL KOICA","2020-11-19","","1011.41888889"
"SOGAMOSO-MOVIL KOICA","2020-11-18","","1129.23208333"
"SOGAMOSO-MOVIL KOICA","2020-11-17","","570.45478261"
"SOGAMOSO-MOVIL KOICA","2020-11-16","","906.92083333"
"SOGAMOSO-MOVIL KOICA","2020-11-15","","585.16391304"
"SOGAMOSO-MOVIL KOICA","2020-11-14","","430.24541667"
"SOGAMOSO-MOVIL KOICA","2020-11-13","","308.84916667"
"SOGAMOSO-MOVIL KOICA","2020-11-12","","983.835"
"SOGAMOSO-MOVIL KOICA","2020-11-11","","676.27291667"
"SOGAMOSO-MOVIL KOICA","2020-11-10","","434.56208333"
"SOGAMOSO-MOVIL KOICA","2020-11-09","","1010.90583333"
"SOGAMOSO-MOVIL KOICA","2020-11-08","","601.88625"
"SOGAMOSO-MOVIL KOICA","2020-11-07","","643.90521739"
"SOGAMOSO-MOVIL KOICA","2020-11-06","","558.7125"
"SOGAMOSO-MOVIL KOICA","2020-11-05","","344.8673913"
"SOGAMOSO-MOVIL KOICA","2020-11-04","","286.66782609"
"SOGAMOSO-MOVIL KOICA","2020-11-03","","1779.35347826"
"SOGAMOSO-MOVIL KOICA","2020-11-02","","1154.81333333"
"SOGAMOSO-MOVIL KOICA","2020-11-01","","1233.82916667"
"SOGAMOSO-MOVIL KOICA","2020-10-31","","1072.95956522"
"SOGAMOSO-MOVIL KOICA","2020-10-30","","1049.02375"
"SOGAMOSO-MOVIL KOICA","2020-10-29","","665.69136364"
"SOGAMOSO-MOVIL KOICA","2020-10-28","","315.55047619"
"SOGAMOSO-MOVIL KOICA","2020-10-27","","677.8975"
"SOGAMOSO-MOVIL KOICA","2020-10-26","","454.0925"
"SOGAMOSO-MOVIL KOICA","2020-10-25","","445.06636364"
"SOGAMOSO-MOVIL KOICA","2020-10-24","","294.56208333"
"SOGAMOSO-MOVIL KOICA","2020-10-23","","401.37958333"
"SOGAMOSO-MOVIL KOICA","2020-10-22","","459.3825"
"SOGAMOSO-MOVIL KOICA","2020-10-21","","589.53333333"
"SOGAMOSO-MOVIL KOICA","2020-10-20","","881.18125"
"SOGAMOSO-MOVIL KOICA","2020-10-19","","336.58565217"
"SOGAMOSO-MOVIL KOICA","2020-10-18","","420.18333333"
"SOGAMOSO-MOVIL KOICA","2020-10-17","","321.71375"
"SOGAMOSO-MOVIL KOICA","2020-10-16","","368.50695652"
"SOGAMOSO-MOVIL KOICA","2020-10-15","","318.61"
"SOGAMOSO-MOVIL KOICA","2020-10-14","","716.75818182"
"SOGAMOSO-MOVIL KOICA","2020-10-13","","288.67666667"
"SOGAMOSO-MOVIL KOICA","2020-10-12","","535.18083333"
"SOGAMOSO-MOVIL KOICA","2020-10-11","","595.3725"
"SOGAMOSO-MOVIL KOICA","2020-10-10","","561.34875"
"SOGAMOSO-MOVIL KOICA","2020-10-09","","713.89304348"
"SOGAMOSO-MOVIL KOICA","2020-10-08","","754.63958333"
"SOGAMOSO-MOVIL KOICA","2020-10-07","","698.33782609"
"SOGAMOSO-MOVIL KOICA","2020-10-06","","762.11045455"
"SOGAMOSO-MOVIL KOICA","2020-10-05","","511.81652174"
"SOGAMOSO-MOVIL KOICA","2020-10-04","","415.69652174"
"SOGAMOSO-MOVIL KOICA","2020-10-03","","696.88791667"
"SOGAMOSO-MOVIL KOICA","2020-10-02","","894.48956522"
"SOGAMOSO-MOVIL KOICA","2020-10-01","","464.41409091"
"SOGAMOSO-MOVIL KOICA","2020-09-30","","388.07391304"
"SOGAMOSO-MOVIL KOICA","2020-09-29","","281.2326087"
"SOGAMOSO-MOVIL KOICA","2020-09-28","","441.66125"
"SOGAMOSO-MOVIL KOICA","2020-09-27","","987.45625"
"SOGAMOSO-MOVIL KOICA","2020-09-26","","332.93583333"
"SOGAMOSO-MOVIL KOICA","2020-09-25","","430.81181818"
"SOGAMOSO-MOVIL KOICA","2020-09-24","","337.43565217"
"SOGAMOSO-MOVIL KOICA","2020-09-23","","406.12791667"
"SOGAMOSO-MOVIL KOICA","2020-09-22","","540.95375"
"SOGAMOSO-MOVIL KOICA","2020-09-21","","243.85478261"
"SOGAMOSO-MOVIL KOICA","2020-09-20","","535.8575"
"SOGAMOSO-MOVIL KOICA","2020-09-19","","513.28375"
"SOGAMOSO-MOVIL KOICA","2020-09-18","","644.10869565"
"SOGAMOSO-MOVIL KOICA","2020-09-17","","767.83916667"
"SOGAMOSO-MOVIL KOICA","2020-09-16","","682.34416667"
"SOGAMOSO-MOVIL KOICA","2020-09-15","","531.37695652"
"SOGAMOSO-MOVIL KOICA","2020-09-14","","423.70083333"
"SOGAMOSO-MOVIL KOICA","2020-09-13","","693.3725"
"SOGAMOSO-MOVIL KOICA","2020-09-12","","497.68416667"
"SOGAMOSO-MOVIL KOICA","2020-09-11","","699.38958333"
"SOGAMOSO-MOVIL KOICA","2020-09-10","","536.79434783"
"SOGAMOSO-MOVIL KOICA","2020-09-09","","774.3825"
"SOGAMOSO-MOVIL KOICA","2020-09-08","","527.47541667"
"SOGAMOSO-MOVIL KOICA","2020-09-07","","739.72333333"
"SOGAMOSO-MOVIL KOICA","2020-09-06","","484.61368421"
"SOGAMOSO-MOVIL KOICA","2020-09-05","","499.175"
"SOGAMOSO-MOVIL KOICA","2020-09-04","","575.64590909"
"SOGAMOSO-MOVIL KOICA","2020-09-03","","572.69347826"
"SOGAMOSO-MOVIL KOICA","2020-09-02","","745.12272727"
"SOGAMOSO-MOVIL KOICA","2020-09-01","","263.77761905"
"SOGAMOSO-MOVIL KOICA","2020-08-31","","212.12"
"SOGAMOSO-MOVIL KOICA","2020-08-30","","912.99833333"
"SOGAMOSO-MOVIL KOICA","2020-08-29","","871.51130435"
"SOGAMOSO-MOVIL KOICA","2020-08-28","","559.2975"
"SOGAMOSO-MOVIL KOICA","2020-08-27","","483.29333333"
"SOGAMOSO-MOVIL KOICA","2020-08-26","","459.40166667"
"SOGAMOSO-MOVIL KOICA","2020-08-25","","408.26590909"
"SOGAMOSO-MOVIL KOICA","2020-08-24","","565.18291667"
"SOGAMOSO-MOVIL KOICA","2020-08-23","","660.15416667"
"SOGAMOSO-MOVIL KOICA","2020-08-22","","641.79333333"
"SOGAMOSO-MOVIL KOICA","2020-08-21","","361.1473913"
"SOGAMOSO-MOVIL KOICA","2020-08-20","","363.32541667"
"SOGAMOSO-MOVIL KOICA","2020-08-19","","509.11958333"
"SOGAMOSO-MOVIL KOICA","2020-08-18","","584.42166667"
"SOGAMOSO-MOVIL KOICA","2020-08-17","","731.07375"
"SOGAMOSO-MOVIL KOICA","2020-08-16","","322.74416667"
"SOGAMOSO-MOVIL KOICA","2020-08-15","","412.2973913"
"SOGAMOSO-MOVIL KOICA","2020-08-14","","224.34583333"
"SOGAMOSO-MOVIL KOICA","2020-08-13","","352.655"
"SOGAMOSO-MOVIL KOICA","2020-08-12","","369.36583333"
"SOGAMOSO-MOVIL KOICA","2020-08-11","","283.24666667"
"SOGAMOSO-MOVIL KOICA","2020-08-10","","289.87958333"
"SOGAMOSO-MOVIL KOICA","2020-08-09","","306.41041667"
"SOGAMOSO-MOVIL KOICA","2020-08-08","","534.59916667"
"SOGAMOSO-MOVIL KOICA","2020-08-07","","531.69565217"
"SOGAMOSO-MOVIL KOICA","2020-08-06","","482.56125"
"SOGAMOSO-MOVIL KOICA","2020-08-05","","440.47391304"
"SOGAMOSO-MOVIL KOICA","2020-08-04","","67.86913043"
"SOGAMOSO-MOVIL KOICA","2020-08-03","","281.78833333"
"SOGAMOSO-MOVIL KOICA","2020-08-02","","266.20458333"
"SOGAMOSO-MOVIL KOICA","2020-08-01","","182.68125"
"SOGAMOSO-MOVIL KOICA","2020-07-31","","621.91434783"
"SOGAMOSO-MOVIL KOICA","2020-07-30","","393.46583333"
"SOGAMOSO-MOVIL KOICA","2020-07-29","","382.61238095"
"SOGAMOSO-MOVIL KOICA","2020-07-28","","145.0375"
"SOGAMOSO-MOVIL KOICA","2020-07-27","","413.01458333"
"SOGAMOSO-MOVIL KOICA","2020-07-26","","183.53"
"SOGAMOSO-MOVIL KOICA","2020-07-25","","199.58136364"
"SOGAMOSO-MOVIL KOICA","2020-07-24","","95.8265"
"SOGAMOSO-MOVIL KOICA","2020-06-23","","145.19153846"
"SOGAMOSO-MOVIL KOICA","2020-06-22","","400.86375"
"SOGAMOSO-MOVIL KOICA","2020-06-21","","399.98375"
"SOGAMOSO-MOVIL KOICA","2020-06-20","","392.7875"
"SOGAMOSO-MOVIL KOICA","2020-06-19","","420.92875"
"SOGAMOSO-MOVIL KOICA","2020-06-18","","424.92083333"
"SOGAMOSO-MOVIL KOICA","2020-06-17","","221.23083333"
"SOGAMOSO-MOVIL KOICA","2020-06-16","","286.86782609"
"SOGAMOSO-MOVIL KOICA","2020-06-15","","301.39869565"
"SOGAMOSO-MOVIL KOICA","2020-06-14","","503.61875"
"SOGAMOSO-MOVIL KOICA","2020-06-13","","405.02083333"
"SOGAMOSO-MOVIL KOICA","2020-06-12","","24.59777778"
"SOGAMOSO-MOVIL KOICA","2020-06-11","","1328.05083333"
"SOGAMOSO-MOVIL KOICA","2020-06-10","","508.46583333"
"SOGAMOSO-MOVIL KOICA","2020-06-09","","182.32125"
"SOGAMOSO-MOVIL KOICA","2020-06-08","","176.41"
"SOGAMOSO-MOVIL KOICA","2020-06-07","","315.68217391"
"SOGAMOSO-MOVIL KOICA","2020-06-06","","609.93833333"
"SOGAMOSO-MOVIL KOICA","2020-06-05","","132.22227273"
"SOGAMOSO-MOVIL KOICA","2020-06-04","","593.63818182"
"SOGAMOSO-MOVIL KOICA","2020-06-03","","635.78304348"
"SOGAMOSO-MOVIL KOICA","2020-06-02","","312.8575"
"SOGAMOSO-MOVIL KOICA","2020-06-01","","120.33173913"
"SOGAMOSO-MOVIL KOICA","2020-05-31","","616.05695652"
"SOGAMOSO-MOVIL KOICA","2020-05-30","","309.68625"
"SOGAMOSO-MOVIL KOICA","2020-05-29","","513.85521739"
"SOGAMOSO-MOVIL KOICA","2020-05-28","","291.19625"
"SOGAMOSO-MOVIL KOICA","2020-05-27","","228.43791667"
"SOGAMOSO-MOVIL KOICA","2020-05-26","","272.56652174"
"SOGAMOSO-MOVIL KOICA","2020-05-25","","314.13136364"
"SOGAMOSO-MOVIL KOICA","2020-05-24","","601.31333333"
"SOGAMOSO-MOVIL KOICA","2020-05-23","","364.62529412"
"SOGAMOSO-MOVIL KOICA","2020-05-22","","78.59916667"
"SOGAMOSO-MOVIL KOICA","2020-05-21","","461.10058824"
"SOGAMOSO-MOVIL KOICA","2020-05-20","","429.245"
"SOGAMOSO-MOVIL KOICA","2020-05-19","","174.87380952"
"SOGAMOSO-MOVIL KOICA","2020-05-18","","139.66833333"
"SOGAMOSO-MOVIL KOICA","2020-05-17","","264.15294118"
"SOGAMOSO-MOVIL KOICA","2020-05-16","","257.19333333"
"SOGAMOSO-MOVIL KOICA","2020-05-15","","438.07130435"
"SOGAMOSO-MOVIL KOICA","2020-05-14","","227.57083333"
"SOGAMOSO-MOVIL KOICA","2020-05-13","","256.96125"
"SOGAMOSO-MOVIL KOICA","2020-05-12","","779.70238095"
"SOGAMOSO-MOVIL KOICA","2020-05-11","","357.82208333"
"SOGAMOSO-MOVIL KOICA","2020-05-10","","275.77291667"
"SOGAMOSO-MOVIL KOICA","2020-05-09","","475.54869565"
"SOGAMOSO-MOVIL KOICA","2020-05-08","","182.38375"
"SOGAMOSO-MOVIL KOICA","2020-05-07","","170.67043478"
"SOGAMOSO-MOVIL KOICA","2020-05-06","","838.684"
"SOGAMOSO-MOVIL KOICA","2020-05-04","","319.97341667"
"SOGAMOSO-MOVIL KOICA","2020-05-03","","242.889"
"SOGAMOSO-MOVIL KOICA","2020-05-02","","454.77875"
"SOGAMOSO-MOVIL KOICA","2020-05-01","","476.29725"
"SOGAMOSO-MOVIL KOICA","2020-04-30","","621.26065217"
"SOGAMOSO-MOVIL KOICA","2020-04-29","","411.16295652"
"SOGAMOSO-MOVIL KOICA","2020-04-28","","363.13958333"
"SOGAMOSO-MOVIL KOICA","2020-04-27","","279.35083333"
"SOGAMOSO-MOVIL KOICA","2020-04-26","","266.13875"
"SOGAMOSO-MOVIL KOICA","2020-04-25","","480.26272727"
"SOGAMOSO-MOVIL KOICA","2020-04-24","","326.93416667"
"SOGAMOSO-MOVIL KOICA","2020-04-23","","272.56184583"
"SOGAMOSO-MOVIL KOICA","2020-04-22","","439.99048888"
"SOGAMOSO-MOVIL KOICA","2020-04-21","","338.718625"
"SOGAMOSO-MOVIL KOICA","2020-04-20","","515.23620833"
"SOGAMOSO-MOVIL KOICA","2020-04-19","","530.69433333"
"SOGAMOSO-MOVIL KOICA","2020-04-18","","478.895375"
"SOGAMOSO-MOVIL KOICA","2020-04-17","","495.14225"
"SOGAMOSO-MOVIL KOICA","2020-04-16","","285.54770833"
"SOGAMOSO-MOVIL KOICA","2020-04-15","","73.28395652"
"SOGAMOSO-MOVIL KOICA","2020-04-14","","265.40633417"
"SOGAMOSO-MOVIL KOICA","2020-04-13","","231.83881879"
"SOGAMOSO-MOVIL KOICA","2020-04-12","","224.40265042"
"SOGAMOSO-MOVIL KOICA","2020-04-11","","24.60722929"
"SOGAMOSO-MOVIL KOICA","2020-04-10","","27.38334718"
"SOGAMOSO-MOVIL KOICA","2020-04-09","","50.29274051"
"SOGAMOSO-MOVIL KOICA","2020-04-08","","99.87750204"
"SOGAMOSO-MOVIL KOICA","2020-04-07","","201.76508565"
"SOGAMOSO-MOVIL KOICA","2020-04-06","","584.57841667"
"SOGAMOSO-MOVIL KOICA","2020-04-05","","421.45230435"
"SOGAMOSO-MOVIL KOICA","2020-04-04","","535.83326087"
"SOGAMOSO-MOVIL KOICA","2020-04-03","","70.46925241"
"SOGAMOSO-MOVIL KOICA","2020-04-02","","1.00069167"
"SOGAMOSO-MOVIL KOICA","2020-04-01","","41.81555556"
"SOGAMOSO-MOVIL KOICA","2020-03-30","","5.476875"
"SOGAMOSO-MOVIL KOICA","2020-03-29","","6.29043478"
"SOGAMOSO-MOVIL KOICA","2020-03-28","","402.88875"
"SOGAMOSO-MOVIL KOICA","2020-03-27","","229.27708333"
"SOGAMOSO-MOVIL KOICA","2020-03-26","","64.83416667"
"SOGAMOSO-MOVIL KOICA","2020-03-25","","432.70227273"
"SOGAMOSO-MOVIL KOICA","2020-03-24","","313.45041667"
"SOGAMOSO-MOVIL KOICA","2020-03-23","","95.13458333"
"SOGAMOSO-MOVIL KOICA","2020-03-22","","142.83208333"
"SOGAMOSO-MOVIL KOICA","2020-03-21","","333.0175"
"SOGAMOSO-MOVIL KOICA","2020-03-20","","813.23583333"
"SOGAMOSO-MOVIL KOICA","2020-03-19","","564.52916667"
"SOGAMOSO-MOVIL KOICA","2020-03-18","","439.32125"
"SOGAMOSO-MOVIL KOICA","2020-03-17","","417.37625"
"SOGAMOSO-MOVIL KOICA","2020-03-16","","601.89636364"
"SOGAMOSO-MOVIL KOICA","2020-03-15","","187.17809524"
"SOGAMOSO-MOVIL KOICA","2020-03-14","","0.0"
"SOGAMOSO-MOVIL KOICA","2020-03-13","","1735.70782609"
"SOGAMOSO-MOVIL KOICA","2020-03-12","","1542.00666667"
"SOGAMOSO-MOVIL KOICA","2020-03-11","","1623.75875"
"SOGAMOSO-MOVIL KOICA","2020-03-10","","961.35545455"
"SOGAMOSO-MOVIL KOICA","2020-03-09","","401.69291667"
"SOGAMOSO-MOVIL KOICA","2020-03-08","","161.44708333"
"SOGAMOSO-MOVIL KOICA","2020-03-07","","172.18652174"
"SOGAMOSO-MOVIL KOICA","2020-03-06","","365.22791667"
"SOGAMOSO-MOVIL KOICA","2020-03-05","","94.73434783"
"SOGAMOSO-MOVIL KOICA","2020-03-04","","744.36652174"
"SOGAMOSO-MOVIL KOICA","2020-03-03","","283.61291667"
"SOGAMOSO-MOVIL KOICA","2020-03-01","","0.37583333"
"SOGAMOSO-RECREO","2020-12-31","","775.30357143"
"SOGAMOSO-RECREO","2020-12-30","","770.52375"
"SOGAMOSO-RECREO","2020-12-29","","283.45391304"
"SOGAMOSO-RECREO","2020-12-28","","80.32291667"
"SOGAMOSO-RECREO","2020-12-27","","300.36541667"
"SOGAMOSO-RECREO","2020-12-26","","277.08625"
"SOGAMOSO-RECREO","2020-12-25","","255.56590909"
"SOGAMOSO-RECREO","2020-12-24","","588.025"
"SOGAMOSO-RECREO","2020-12-23","","231.01375"
"SOGAMOSO-RECREO","2020-12-22","","154.92833333"
"SOGAMOSO-RECREO","2020-12-21","","73.19833333"
"SOGAMOSO-RECREO","2020-12-20","","125.11541667"
"SOGAMOSO-RECREO","2020-12-19","","0.98916667"
"SOGAMOSO-RECREO","2020-12-18","","8.53166667"
"SOGAMOSO-RECREO","2020-12-17","","59.63125"
"SOGAMOSO-RECREO","2020-12-16","","65.98625"
"SOGAMOSO-RECREO","2020-12-15","","141.70857143"
"SOGAMOSO-RECREO","2020-12-14","","17.78041667"
"SOGAMOSO-RECREO","2020-12-13","","32.38458333"
"SOGAMOSO-RECREO","2020-12-12","","101.28041667"
"SOGAMOSO-RECREO","2020-12-11","","397.39916667"
"SOGAMOSO-RECREO","2020-12-10","","392.85583333"
"SOGAMOSO-RECREO","2020-12-09","","235.85083333"
"SOGAMOSO-RECREO","2020-12-08","","571.59125"
"SOGAMOSO-RECREO","2020-12-07","","197.22782609"
"SOGAMOSO-RECREO","2020-12-06","","284.5375"
"SOGAMOSO-RECREO","2020-12-05","","228.32956522"
"SOGAMOSO-RECREO","2020-12-04","","351.42347826"
"SOGAMOSO-RECREO","2020-12-03","","341.42272727"
"SOGAMOSO-RECREO","2020-12-02","","848.88333333"
"SOGAMOSO-RECREO","2020-12-01","","552.04958333"
"SOGAMOSO-RECREO","2020-11-30","","521.97541667"
"SOGAMOSO-RECREO","2020-11-29","","852.05869565"
"SOGAMOSO-RECREO","2020-11-28","","857.02833333"
"SOGAMOSO-RECREO","2020-11-27","","744.06458333"
"SOGAMOSO-RECREO","2020-11-26","","578.11916667"
"SOGAMOSO-RECREO","2020-11-25","","485.37681818"
"SOGAMOSO-RECREO","2020-11-24","","570.32458333"
"SOGAMOSO-RECREO","2020-11-23","","684.01"
"SOGAMOSO-RECREO","2020-11-22","","427.33791667"
"SOGAMOSO-RECREO","2020-11-21","","98.46666667"
"SOGAMOSO-RECREO","2020-11-20","","284.12666667"
"SOGAMOSO-RECREO","2020-11-19","","1038.60391304"
"SOGAMOSO-RECREO","2020-11-18","","1047.15291667"
"SOGAMOSO-RECREO","2020-11-17","","602.86958333"
"SOGAMOSO-RECREO","2020-11-16","","1199.90291667"
"SOGAMOSO-RECREO","2020-11-15","","865.52695652"
"SOGAMOSO-RECREO","2020-11-14","","810.14541667"
"SOGAMOSO-RECREO","2020-11-13","","1052.81291667"
"SOGAMOSO-RECREO","2020-11-12","","1190.865"
"SOGAMOSO-RECREO","2020-11-11","","1011.93875"
"SOGAMOSO-RECREO","2020-11-10","","873.0525"
"SOGAMOSO-RECREO","2020-11-09","","1593.12130435"
"SOGAMOSO-RECREO","2020-11-08","","1273.80208333"
"SOGAMOSO-RECREO","2020-11-07","","909.19347826"
"SOGAMOSO-RECREO","2020-11-06","","834.17208333"
"SOGAMOSO-RECREO","2020-11-05","","1059.97565217"
"SOGAMOSO-RECREO","2020-11-04","","581.22714286"
"SOGAMOSO-RECREO","2020-11-03","","940.14666667"
"SOGAMOSO-RECREO","2020-11-02","","1317.62291667"
"SOGAMOSO-RECREO","2020-11-01","","1362.89541667"
"SOGAMOSO-RECREO","2020-10-31","","867.40173913"
"SOGAMOSO-RECREO","2020-10-30","","1103.61208333"
"SOGAMOSO-RECREO","2020-10-29","","803.1873913"
"SOGAMOSO-RECREO","2020-10-28","","421.16708333"
"SOGAMOSO-RECREO","2020-10-27","","342.825"
"SOGAMOSO-RECREO","2020-10-26","","452.27478261"
"SOGAMOSO-RECREO","2020-10-25","","303.65954545"
"SOGAMOSO-RECREO","2020-10-24","","399.73125"
"SOGAMOSO-RECREO","2020-10-23","","739.94416667"
"SOGAMOSO-RECREO","2020-10-22","","1450.5075"
"SOGAMOSO-RECREO","2020-10-21","","812.38083333"
"SOGAMOSO-RECREO","2020-10-20","","240.34791667"
"SOGAMOSO-RECREO","2020-10-19","","42.25956522"
"SOGAMOSO-RECREO","2020-10-18","","0.33083333"
"SOGAMOSO-RECREO","2020-10-17","","0.42791667"
"SOGAMOSO-RECREO","2020-10-16","","0.23541667"
"SOGAMOSO-RECREO","2020-10-15","","0.20826087"
"SOGAMOSO-RECREO","2020-10-14","","0.43"
"SOGAMOSO-RECREO","2020-10-13","","265.48090909"
"SOGAMOSO-RECREO","2020-10-12","","438.06375"
"SOGAMOSO-RECREO","2020-10-11","","598.20791667"
"SOGAMOSO-RECREO","2020-10-10","","431.1775"
"SOGAMOSO-RECREO","2020-10-09","","389.97208333"
"SOGAMOSO-RECREO","2020-10-08","","618.76875"
"SOGAMOSO-RECREO","2020-10-07","","520.46956522"
"SOGAMOSO-RECREO","2020-10-06","","1115.6325"
"SOGAMOSO-RECREO","2020-10-05","","404.23772727"
"SOGAMOSO-RECREO","2020-10-04","","316.36869565"
"SOGAMOSO-RECREO","2020-10-03","","624.45625"
"SOGAMOSO-RECREO","2020-10-02","","976.1425"
"SOGAMOSO-RECREO","2020-10-01","","383.22708333"
"SOGAMOSO-RECREO","2020-09-30","","366.53478261"
"SOGAMOSO-RECREO","2020-09-29","","520.11954545"
"SOGAMOSO-RECREO","2020-09-28","","582.88833333"
"SOGAMOSO-RECREO","2020-09-27","","725.48125"
"SOGAMOSO-RECREO","2020-09-26","","525.0425"
"SOGAMOSO-RECREO","2020-09-25","","550.42181818"
"SOGAMOSO-RECREO","2020-09-24","","350.25583333"
"SOGAMOSO-RECREO","2020-09-23","","390.76583333"
"SOGAMOSO-RECREO","2020-09-22","","169.32869565"
"SOGAMOSO-RECREO","2020-09-21","","168.37916667"
"SOGAMOSO-RECREO","2020-09-20","","277.11583333"
"SOGAMOSO-RECREO","2020-09-19","","713.10541667"
"SOGAMOSO-RECREO","2020-09-18","","438.72791667"
"SOGAMOSO-RECREO","2020-09-17","","271.35666667"
"SOGAMOSO-RECREO","2020-09-16","","221.56458333"
"SOGAMOSO-RECREO","2020-09-15","","182.22782609"
"SOGAMOSO-RECREO","2020-09-14","","364.07625"
"SOGAMOSO-RECREO","2020-09-13","","329.47791667"
"SOGAMOSO-RECREO","2020-09-12","","228.70791667"
"SOGAMOSO-RECREO","2020-09-11","","150.87625"
"SOGAMOSO-RECREO","2020-09-10","","328.10708333"
"SOGAMOSO-RECREO","2020-09-09","","626.49375"
"SOGAMOSO-RECREO","2020-09-08","","949.09583333"
"SOGAMOSO-RECREO","2020-09-07","","688.90545455"
"SOGAMOSO-RECREO","2020-09-06","","441.17583333"
"SOGAMOSO-RECREO","2020-09-05","","511.42434783"
"SOGAMOSO-RECREO","2020-09-04","","562.28217391"
"SOGAMOSO-RECREO","2020-09-03","","567.59086957"
"SOGAMOSO-RECREO","2020-09-02","","1192.12791667"
"SOGAMOSO-RECREO","2020-09-01","","296.6725"
"SOGAMOSO-RECREO","2020-08-31","","1186.03380952"
"SOGAMOSO-RECREO","2020-08-30","","898.19541667"
"SOGAMOSO-RECREO","2020-08-29","","410.07608696"
"SOGAMOSO-RECREO","2020-08-28","","402.43708333"
"SOGAMOSO-RECREO","2020-08-27","","470.99708333"
"SOGAMOSO-RECREO","2020-08-26","","330.775"
"SOGAMOSO-RECREO","2020-08-25","","883.64954545"
"SOGAMOSO-RECREO","2020-08-24","","1877.05583333"
"SOGAMOSO-RECREO","2020-08-23","","463.985"
"SOGAMOSO-RECREO","2020-08-22","","1005.27125"
"SOGAMOSO-RECREO","2020-08-21","","164.00083333"
"SOGAMOSO-RECREO","2020-08-20","","345.06375"
"SOGAMOSO-RECREO","2020-08-19","","210.90458333"
"SOGAMOSO-RECREO","2020-08-18","","472.88875"
"SOGAMOSO-RECREO","2020-08-17","","992.71625"
"SOGAMOSO-RECREO","2020-08-16","","302.54583333"
"SOGAMOSO-RECREO","2020-08-15","","359.05304348"
"SOGAMOSO-RECREO","2020-08-14","","299.32333333"
"SOGAMOSO-RECREO","2020-08-13","","237.90416667"
"SOGAMOSO-RECREO","2020-08-12","","243.51083333"
"SOGAMOSO-RECREO","2020-08-11","","203.42291667"
"SOGAMOSO-RECREO","2020-08-10","","261.67916667"
"SOGAMOSO-RECREO","2020-08-09","","222.56458333"
"SOGAMOSO-RECREO","2020-08-08","","314.96916667"
"SOGAMOSO-RECREO","2020-08-07","","410.62391304"
"SOGAMOSO-RECREO","2020-08-06","","250.46125"
"SOGAMOSO-RECREO","2020-08-05","","472.29130435"
"SOGAMOSO-RECREO","2020-08-04","","614.04869565"
"SOGAMOSO-RECREO","2020-08-03","","183.09333333"
"SOGAMOSO-RECREO","2020-08-02","","493.52833333"
"SOGAMOSO-RECREO","2020-08-01","","325.60041667"
"SOGAMOSO-RECREO","2020-07-31","","921.4673913"
"SOGAMOSO-RECREO","2020-07-30","","1006.42"
"SOGAMOSO-RECREO","2020-07-29","","514.85043478"
"SOGAMOSO-RECREO","2020-07-28","","238.4675"
"SOGAMOSO-RECREO","2020-07-27","","446.66333333"
"SOGAMOSO-RECREO","2020-07-26","","328.30125"
"SOGAMOSO-RECREO","2020-07-25","","506.94590909"
"SOGAMOSO-RECREO","2020-07-24","","723.7425"
"SOGAMOSO-RECREO","2020-07-23","","272.90541667"
"SOGAMOSO-RECREO","2020-07-22","","258.93666667"
"SOGAMOSO-RECREO","2020-07-21","","225.64695652"
"SOGAMOSO-RECREO","2020-07-20","","256.61291667"
"SOGAMOSO-RECREO","2020-07-19","","142.86833333"
"SOGAMOSO-RECREO","2020-07-18","","210.15541667"
"SOGAMOSO-RECREO","2020-07-17","","178.19875"
"SOGAMOSO-RECREO","2020-07-16","","328.67291667"
"SOGAMOSO-RECREO","2020-07-15","","254.78086957"
"SOGAMOSO-RECREO","2020-07-14","","125.21304348"
"SOGAMOSO-RECREO","2020-07-13","","371.82583333"
"SOGAMOSO-RECREO","2020-07-12","","371.79166667"
"SOGAMOSO-RECREO","2020-07-11","","507.01083333"
"SOGAMOSO-RECREO","2020-07-10","","316.08652174"
"SOGAMOSO-RECREO","2020-07-09","","218.24666667"
"SOGAMOSO-RECREO","2020-07-08","","273.855"
"SOGAMOSO-RECREO","2020-07-07","","225.04869565"
"SOGAMOSO-RECREO","2020-07-06","","834.5225"
"SOGAMOSO-RECREO","2020-07-05","","427.64434783"
"SOGAMOSO-RECREO","2020-07-04","","718.33956522"
"SOGAMOSO-RECREO","2020-07-03","","175.24541667"
"SOGAMOSO-RECREO","2020-07-02","","107.93958333"
"SOGAMOSO-RECREO","2020-07-01","","265.11625"
"SOGAMOSO-RECREO","2020-06-30","","36.70478261"
"SOGAMOSO-RECREO","2020-06-29","","677.47913043"
"SOGAMOSO-RECREO","2020-06-28","","372.135"
"SOGAMOSO-RECREO","2020-06-27","","282.53"
"SOGAMOSO-RECREO","2020-06-26","","224.20291667"
"SOGAMOSO-RECREO","2020-06-25","","325.39772727"
"SOGAMOSO-RECREO","2020-06-24","","240.22208333"
"SOGAMOSO-RECREO","2020-06-23","","169.22956522"
"SOGAMOSO-RECREO","2020-06-22","","147.89826087"
"SOGAMOSO-RECREO","2020-06-21","","318.40958333"
"SOGAMOSO-RECREO","2020-06-20","","181.29708333"
"SOGAMOSO-RECREO","2020-06-19","","552.75208333"
"SOGAMOSO-RECREO","2020-06-18","","248.355"
"SOGAMOSO-RECREO","2020-06-17","","197.6775"
"SOGAMOSO-RECREO","2020-06-16","","80.80583333"
"SOGAMOSO-RECREO","2020-06-15","","199.21782609"
"SOGAMOSO-RECREO","2020-06-14","","227.11708333"
"SOGAMOSO-RECREO","2020-06-13","","110.06916667"
"SOGAMOSO-RECREO","2020-06-12","","219.51291667"
"SOGAMOSO-RECREO","2020-06-11","","206.41375"
"SOGAMOSO-RECREO","2020-06-10","","241.99458333"
"SOGAMOSO-RECREO","2020-06-09","","83.97625"
"SOGAMOSO-RECREO","2020-06-08","","127.42391304"
"SOGAMOSO-RECREO","2020-06-07","","305.95478261"
"SOGAMOSO-RECREO","2020-06-06","","572.56583333"
"SOGAMOSO-RECREO","2020-06-05","","121.22"
"SOGAMOSO-RECREO","2020-06-04","","207.02608696"
"SOGAMOSO-RECREO","2020-06-03","","550.87625"
"SOGAMOSO-RECREO","2020-06-02","","241.39826087"
"SOGAMOSO-RECREO","2020-06-01","","154.30666667"
"SOGAMOSO-RECREO","2020-05-31","","487.1073913"
"SOGAMOSO-RECREO","2020-05-30","","326.285"
"SOGAMOSO-RECREO","2020-05-29","","475.78434783"
"SOGAMOSO-RECREO","2020-05-28","","177.2325"
"SOGAMOSO-RECREO","2020-05-27","","230.6025"
"SOGAMOSO-RECREO","2020-05-26","","384.66391304"
"SOGAMOSO-RECREO","2020-05-25","","435.395"
"SOGAMOSO-RECREO","2020-05-24","","95.75333333"
"SOGAMOSO-RECREO","2020-05-23","","815.3425"
"SOGAMOSO-RECREO","2020-05-22","","329.99916667"
"SOGAMOSO-RECREO","2020-05-21","","677.92"
"SOGAMOSO-RECREO","2020-05-20","","63.47916667"
"SOGAMOSO-RECREO","2020-05-19","","0.0"
"SOGAMOSO-RECREO","2020-05-18","","0.0"
"SOGAMOSO-RECREO","2020-05-17","","0.0"
"SOGAMOSO-RECREO","2020-05-16","","1063.305"
"SOGAMOSO-RECREO","2020-05-15","","798.86521739"
"SOGAMOSO-RECREO","2020-05-14","","487.595"
"SOGAMOSO-RECREO","2020-05-13","","1059.59958333"
"SOGAMOSO-RECREO","2020-05-12","","1232.0475"
"SOGAMOSO-RECREO","2020-05-11","","981.95391304"
"SOGAMOSO-RECREO","2020-05-10","","603.02125"
"SOGAMOSO-RECREO","2020-05-09","","1124.92416667"
"SOGAMOSO-RECREO","2020-05-08","","245.82272727"
"SOGAMOSO-RECREO","2020-05-07","","273.99826087"
"SOGAMOSO-RECREO","2020-05-06","","235.84916667"
"SOGAMOSO-RECREO","2020-05-05","","487.63130435"
"SOGAMOSO-RECREO","2020-05-04","","447.03217391"
"SOGAMOSO-RECREO","2020-05-03","","605.2775"
"SOGAMOSO-RECREO","2020-05-02","","794.59041667"
"SOGAMOSO-RECREO","2020-05-01","","955.89375"
"SOGAMOSO-RECREO","2020-04-30","","917.12173913"
"SOGAMOSO-RECREO","2020-04-29","","440.72086957"
"SOGAMOSO-RECREO","2020-04-28","","268.05166667"
"SOGAMOSO-RECREO","2020-04-27","","398.80083333"
"SOGAMOSO-RECREO","2020-04-26","","243.91458333"
"SOGAMOSO-RECREO","2020-04-25","","1043.86681818"
"SOGAMOSO-RECREO","2020-04-24","","362.295"
"SOGAMOSO-RECREO","2020-04-23","","790.765"
"SOGAMOSO-RECREO","2020-04-22","","1523.20304348"
"SOGAMOSO-RECREO","2020-04-21","","1761.89583333"
"SOGAMOSO-RECREO","2020-04-20","","1688.53708333"
"SOGAMOSO-RECREO","2020-04-19","","1655.3525"
"SOGAMOSO-RECREO","2020-04-18","","1363.19708333"
"SOGAMOSO-RECREO","2020-04-17","","1820.68458333"
"SOGAMOSO-RECREO","2020-04-16","","1657.22541667"
"SOGAMOSO-RECREO","2020-04-15","","2031.07478261"
"SOGAMOSO-RECREO","2020-04-14","","1931.47565217"
"SOGAMOSO-RECREO","2020-04-13","","1863.99375"
"SOGAMOSO-RECREO","2020-04-12","","2501.81333333"
"SOGAMOSO-RECREO","2020-04-11","","2895.25666667"
"SOGAMOSO-RECREO","2020-04-10","","2052.03708333"
"SOGAMOSO-RECREO","2020-04-09","","2446.15041667"
"SOGAMOSO-RECREO","2020-04-08","","2457.16083333"
"SOGAMOSO-RECREO","2020-04-07","","2625.83478261"
"SOGAMOSO-RECREO","2020-04-06","","2664.2325"
"SOGAMOSO-RECREO","2020-04-05","","2592.52681818"
"SOGAMOSO-RECREO","2020-04-04","","2700.92434783"
"SOGAMOSO-RECREO","2020-04-03","","2166.4595"
"SOGAMOSO-RECREO","2020-04-02","","1689.54208333"
"SOGAMOSO-RECREO","2020-04-01","","1769.94041667"
"SOGAMOSO-RECREO","2020-03-31","","1520.29545455"
"SOGAMOSO-RECREO","2020-03-30","","1211.395"
"SOGAMOSO-RECREO","2020-03-29","","1168.90652174"
"SOGAMOSO-RECREO","2020-03-28","","1844.77708333"
"SOGAMOSO-RECREO","2020-03-27","","2077.0847619"
"SOGAMOSO-RECREO","2020-03-26","","1810.45545455"
"SOGAMOSO-RECREO","2020-03-25","","1748.28818182"
"SOGAMOSO-RECREO","2020-03-24","","1735.01782609"
"SOGAMOSO-RECREO","2020-03-23","","1206.41833333"
"SOGAMOSO-RECREO","2020-03-22","","1079.38458333"
"SOGAMOSO-RECREO","2020-03-21","","2057.89333333"
"SOGAMOSO-RECREO","2020-03-20","","2617.67541667"
"SOGAMOSO-RECREO","2020-03-19","","1530.04791667"
"SOGAMOSO-RECREO","2020-03-18","","1577.49909091"
"SOGAMOSO-RECREO","2020-03-17","","1714.44458333"
"SOGAMOSO-RECREO","2020-03-16","","2075.06416667"
"SOGAMOSO-RECREO","2020-03-15","","2412.69782609"
"SOGAMOSO-RECREO","2020-03-14","","2775.23958333"
"SOGAMOSO-RECREO","2020-03-13","","2049.8475"
"SOGAMOSO-RECREO","2020-03-12","","2054.16875"
"SOGAMOSO-RECREO","2020-03-11","","2200.49565217"
"SOGAMOSO-RECREO","2020-03-10","","2449.26291667"
"SOGAMOSO-RECREO","2020-03-09","","2407.09791667"
"SOGAMOSO-RECREO","2020-03-08","","1979.54375"
"SOGAMOSO-RECREO","2020-03-07","","1834.09304348"
"SOGAMOSO-RECREO","2020-03-06","","1696.7475"
"SOGAMOSO-RECREO","2020-03-05","","1135.49695652"
"SOGAMOSO-RECREO","2020-03-04","","1516.94478261"
"SOGAMOSO-RECREO","2020-03-03","","2225.88"
"SOGAMOSO-RECREO","2020-03-02","","2172.29727273"
"SOGAMOSO-RECREO","2020-03-01","","2239.42291667"
